{
    "Thin Strokes" : 1,
    "Working Directory" : "\/Users\/Jingkai",
    "Prompt Before Closing 2" : 0,
    "Selected Text Color" : {
      "Green Component" : 0.78431372549019607,
      "Blue Component" : 0.77647058823529413,
      "Red Component" : 0.77254901960784317
    },
    "Rows" : 60,
    "Ansi 11 Color" : {
      "Green Component" : 1,
      "Blue Component" : 0.6569250226020813,
      "Red Component" : 0.96221715211868286
    },
    "Use Italic Font" : true,
    "Foreground Color" : {
      "Green Component" : 0.78431372549019607,
      "Blue Component" : 0.77647058823529413,
      "Red Component" : 0.77254901960784317
    },
    "Right Option Key Sends" : 0,
    "Character Encoding" : 4,
    "Selection Color" : {
      "Green Component" : 0.26666666666666666,
      "Blue Component" : 0.26666666666666666,
      "Red Component" : 0.26666666666666666
    },
    "Triggers" : [

    ],
    "Blend" : 0.30000001192092896,
    "Mouse Reporting" : true,
    "Ansi 4 Color" : {
      "Green Component" : 0.74560397863388062,
      "Blue Component" : 0.99405109882354736,
      "Red Component" : 0.5230981707572937
    },
    "Non-ASCII Anti Aliased" : true,
    "Sync Title" : false,
    "Disable Window Resizing" : true,
    "Close Sessions On End" : true,
    "Jobs to Ignore" : [
      "rlogin",
      "ssh",
      "slogin",
      "telnet"
    ],
    "Scrollback With Status Bar" : false,
    "Scrollback Lines" : 3000,
    "Scrollback in Alternate Screen" : true,
    "Hide After Opening" : false,
    "Flashing Bell" : false,
    "Cursor Guide Color" : {
      "Red Component" : 0.65000000000000002,
      "Color Space" : "Calibrated",
      "Blue Component" : 1,
      "Alpha Component" : 0.25,
      "Green Component" : 0.91000000000000003
    },
    "BM Growl" : true,
    "Ansi 3 Color" : {
      "Green Component" : 0.84313725490196079,
      "Blue Component" : 0.69411764705882351,
      "Red Component" : 1
    },
    "Link Color" : {
      "Red Component" : 0.023,
      "Color Space" : "Calibrated",
      "Blue Component" : 0.67800000000000005,
      "Alpha Component" : 1,
      "Green Component" : 0.27000000000000002
    },
    "Shortcut" : "",
    "Background Image Location" : "",
    "Bold Color" : {
      "Green Component" : 0.78431372549019607,
      "Blue Component" : 0.77647058823529413,
      "Red Component" : 0.77254901960784317
    },
    "Use Cursor Guide" : false,
    "Unlimited Scrollback" : false,
    "Custom Command" : "No",
    "Smart Selection Rules" : [
      {
        "notes" : "Word bounded by whitespace",
        "regex" : "\\S+",
        "precision" : "low"
      },
      {
        "notes" : "C++ namespace::identifier",
        "regex" : "([a-zA-Z0-9_]+::)+[a-zA-Z0-9_]+",
        "precision" : "normal"
      },
      {
        "notes" : "Paths",
        "regex" : "\\~?\/?([[:letter:][:number:]._-]+\/+)+[[:letter:][:number:]._-]+\/?",
        "precision" : "normal"
      },
      {
        "notes" : "Quoted string",
        "regex" : "@?\"(?:[^\"\\\\]|\\\\.)*\"",
        "precision" : "normal"
      },
      {
        "notes" : "Java\/Python include paths",
        "regex" : "([[:letter:][:number:]._]+\\.)+[[:letter:][:number:]._]+",
        "precision" : "normal"
      },
      {
        "notes" : "mailto URL",
        "regex" : "\\bmailto:([a-z0-9A-Z_]+@)?([a-zA-Z0-9\\-]+\\.)*[a-zA-Z0-9\\-]+\\b",
        "precision" : "normal"
      },
      {
        "notes" : "Obj-C selector",
        "regex" : "@selector\\([^)]+\\)",
        "precision" : "high"
      },
      {
        "notes" : "email address",
        "regex" : "\\b[A-Za-z0-9._%+-]+@[A-Za-z0-9.-]+\\.[A-Za-z]{2,4}\\b",
        "precision" : "high"
      },
      {
        "notes" : "HTTP URL",
        "regex" : "https?:\/\/([a-z0-9A-Z]+(:[a-zA-Z0-9]+)?@)?[a-z0-9A-Z]+(\\.[a-z0-9A-Z]+)*((:[0-9]+)?)(\/[a-zA-Z0-9;\/\\.\\-_+%~?&@=#\\(\\)]*)?",
        "precision" : "very_high"
      },
      {
        "notes" : "SSH URL",
        "regex" : "\\bssh:([a-z0-9A-Z_]+@)?([a-zA-Z0-9\\-]+\\.)*[a-zA-Z0-9\\-]+\\b",
        "precision" : "very_high"
      },
      {
        "notes" : "Telnet URL",
        "regex" : "\\btelnet:([a-z0-9A-Z_]+@)?([a-zA-Z0-9\\-]+\\.)*[a-zA-Z0-9\\-]+\\b",
        "precision" : "very_high"
      }
    ],
    "Keyboard Map" : {
      "0xf700-0x260000" : {
        "Action" : 10,
        "Text" : "[1;6A"
      },
      "0x37-0x40000" : {
        "Action" : 11,
        "Text" : "0x1f"
      },
      "0x32-0x40000" : {
        "Action" : 11,
        "Text" : "0x00"
      },
      "0xf709-0x20000" : {
        "Action" : 10,
        "Text" : "[17;2~"
      },
      "0xf70c-0x20000" : {
        "Action" : 10,
        "Text" : "[20;2~"
      },
      "0xf729-0x20000" : {
        "Action" : 10,
        "Text" : "[1;2H"
      },
      "0xf72b-0x40000" : {
        "Action" : 10,
        "Text" : "[1;5F"
      },
      "0xf705-0x20000" : {
        "Action" : 10,
        "Text" : "[1;2Q"
      },
      "0xf703-0x260000" : {
        "Action" : 10,
        "Text" : "[1;6C"
      },
      "0xf700-0x220000" : {
        "Action" : 10,
        "Text" : "[1;2A"
      },
      "0xf701-0x280000" : {
        "Action" : 11,
        "Text" : "0x1b 0x1b 0x5b 0x42"
      },
      "0x38-0x40000" : {
        "Action" : 11,
        "Text" : "0x7f"
      },
      "0x33-0x40000" : {
        "Action" : 11,
        "Text" : "0x1b"
      },
      "0xf703-0x220000" : {
        "Action" : 10,
        "Text" : "[1;2C"
      },
      "0xf701-0x240000" : {
        "Action" : 10,
        "Text" : "[1;5B"
      },
      "0xf70d-0x20000" : {
        "Action" : 10,
        "Text" : "[21;2~"
      },
      "0xf702-0x260000" : {
        "Action" : 10,
        "Text" : "[1;6D"
      },
      "0xf729-0x40000" : {
        "Action" : 10,
        "Text" : "[1;5H"
      },
      "0xf706-0x20000" : {
        "Action" : 10,
        "Text" : "[1;2R"
      },
      "0x34-0x40000" : {
        "Action" : 11,
        "Text" : "0x1c"
      },
      "0xf700-0x280000" : {
        "Action" : 11,
        "Text" : "0x1b 0x1b 0x5b 0x41"
      },
      "0x2d-0x40000" : {
        "Action" : 11,
        "Text" : "0x1f"
      },
      "0xf70e-0x20000" : {
        "Action" : 10,
        "Text" : "[23;2~"
      },
      "0xf702-0x220000" : {
        "Action" : 10,
        "Text" : "[1;2D"
      },
      "0xf703-0x280000" : {
        "Action" : 11,
        "Text" : "0x1b 0x1b 0x5b 0x43"
      },
      "0xf700-0x240000" : {
        "Action" : 10,
        "Text" : "[1;5A"
      },
      "0xf707-0x20000" : {
        "Action" : 10,
        "Text" : "[1;2S"
      },
      "0xf70a-0x20000" : {
        "Action" : 10,
        "Text" : "[18;2~"
      },
      "0x35-0x40000" : {
        "Action" : 11,
        "Text" : "0x1d"
      },
      "0xf70f-0x20000" : {
        "Action" : 10,
        "Text" : "[24;2~"
      },
      "0xf703-0x240000" : {
        "Action" : 10,
        "Text" : "[1;5C"
      },
      "0xf701-0x260000" : {
        "Action" : 10,
        "Text" : "[1;6B"
      },
      "0xf702-0x280000" : {
        "Action" : 11,
        "Text" : "0x1b 0x1b 0x5b 0x44"
      },
      "0xf72b-0x20000" : {
        "Action" : 10,
        "Text" : "[1;2F"
      },
      "0x36-0x40000" : {
        "Action" : 11,
        "Text" : "0x1e"
      },
      "0xf708-0x20000" : {
        "Action" : 10,
        "Text" : "[15;2~"
      },
      "0xf701-0x220000" : {
        "Action" : 10,
        "Text" : "[1;2B"
      },
      "0xf70b-0x20000" : {
        "Action" : 10,
        "Text" : "[19;2~"
      },
      "0xf702-0x240000" : {
        "Action" : 10,
        "Text" : "[1;5D"
      },
      "0xf704-0x20000" : {
        "Action" : 10,
        "Text" : "[1;2P"
      }
    },
    "Log Directory" : "",
    "Use Canonical Parser" : false,
    "Ansi 14 Color" : {
      "Green Component" : 0.74560397863388062,
      "Blue Component" : 0.99405109882354736,
      "Red Component" : 0.5230981707572937
    },